<?xml version="1.0" encoding="UTF-8"?><rss xmlns:dc="http://purl.org/dc/elements/1.1/" xmlns:content="http://purl.org/rss/1.0/modules/content/" xmlns:atom="http://www.w3.org/2005/Atom" version="2.0"><channel><title><![CDATA[Gatsby Starter Blog RSS Feed]]></title><description><![CDATA[A starter blog demonstrating what Gatsby can do.]]></description><link>https://draeysec.com</link><generator>GatsbyJS</generator><lastBuildDate>Wed, 16 Nov 2022 18:39:31 GMT</lastBuildDate><item><title><![CDATA[New Beginnings]]></title><link>https://draeysec.com/new-beginnings/</link><guid isPermaLink="false">https://draeysec.com/new-beginnings/</guid><pubDate>Thu, 28 May 2015 22:40:32 GMT</pubDate><content:encoded></content:encoded></item><item><title><![CDATA[My Second Post!]]></title><description><![CDATA[Wow! I love blogging so much already. Did you know that "despite its name, salted duck eggs can also be made from
chicken eggs, though the…]]></description><link>https://draeysec.com/my-second-post/</link><guid isPermaLink="false">https://draeysec.com/my-second-post/</guid><pubDate>Wed, 06 May 2015 23:46:37 GMT</pubDate><content:encoded>&lt;p&gt;Wow! I love blogging so much already.&lt;/p&gt;
&lt;p&gt;Did you know that &quot;despite its name, salted duck eggs can also be made from
chicken eggs, though the taste and texture will be somewhat different, and the
egg yolk will be less rich.&quot;?
(&lt;a href=&quot;https://en.wikipedia.org/wiki/Salted_duck_egg&quot;&gt;Wikipedia Link&lt;/a&gt;)&lt;/p&gt;
&lt;p&gt;Yeah, I didn&apos;t either.&lt;/p&gt;</content:encoded></item><item><title><![CDATA[Hello World]]></title><description><![CDATA[This is my first post on my new blog!]]></description><link>https://draeysec.com/hello-world/</link><guid isPermaLink="false">https://draeysec.com/hello-world/</guid><pubDate>Fri, 01 May 2015 22:12:03 GMT</pubDate><content:encoded>&lt;p&gt;This is my first post on my new blog!&lt;/p&gt;</content:encoded></item></channel></rss>