{"name":"build-javascript","namedChunkGroups":{"app":{"name":"app","assets":[{"name":"webpack-runtime-f3bf2d9ae70e5f5fb4c7.js","size":3898},{"name":"framework-379b7ea7c44f25b32429.js","size":210249},{"name":"styles.7d940a7c8fecc63d186a.css","size":32449},{"name":"app-3e740cdbc016c8213642.js","size":68214}],"filteredAssets":0,"assetsSize":314810,"filteredAuxiliaryAssets":12,"auxiliaryAssetsSize":1010198},"component---src-pages-404-js":{"name":"component---src-pages-404-js","assets":[{"name":"component---src-pages-404-js-c76f759449b7ac2e3392.js","size":2079}],"filteredAssets":0,"assetsSize":2079,"filteredAuxiliaryAssets":1,"auxiliaryAssetsSize":4670},"component---src-pages-index-js":{"name":"component---src-pages-index-js","assets":[{"name":"cd7d5f864fc9e15ed8adef086269b0aeff617554-d4b80d3e222cab3c894c.js","size":11896},{"name":"component---src-pages-index-js-350e9b4aa85349fee1e3.js","size":1471}],"filteredAssets":0,"assetsSize":13367,"filteredAuxiliaryAssets":2,"auxiliaryAssetsSize":74066},"component---src-pages-using-typescript-tsx":{"name":"component---src-pages-using-typescript-tsx","assets":[{"name":"component---src-pages-using-typescript-tsx-edf3fb598638deb63681.js","size":2922}],"filteredAssets":0,"assetsSize":2922,"filteredAuxiliaryAssets":1,"auxiliaryAssetsSize":6127},"component---src-templates-blog-post-js":{"name":"component---src-templates-blog-post-js","assets":[{"name":"cd7d5f864fc9e15ed8adef086269b0aeff617554-d4b80d3e222cab3c894c.js","size":11896},{"name":"component---src-templates-blog-post-js-c66e12eb4b10a9ee344e.js","size":1484}],"filteredAssets":0,"assetsSize":13380,"filteredAuxiliaryAssets":2,"auxiliaryAssetsSize":74316}},"assetsByChunkName":{"app":["webpack-runtime-f3bf2d9ae70e5f5fb4c7.js","framework-379b7ea7c44f25b32429.js","styles.7d940a7c8fecc63d186a.css","app-3e740cdbc016c8213642.js"],"component---src-pages-404-js":["component---src-pages-404-js-c76f759449b7ac2e3392.js"],"component---src-pages-index-js":["cd7d5f864fc9e15ed8adef086269b0aeff617554-d4b80d3e222cab3c894c.js","component---src-pages-index-js-350e9b4aa85349fee1e3.js"],"component---src-pages-using-typescript-tsx":["component---src-pages-using-typescript-tsx-edf3fb598638deb63681.js"],"component---src-templates-blog-post-js":["cd7d5f864fc9e15ed8adef086269b0aeff617554-d4b80d3e222cab3c894c.js","component---src-templates-blog-post-js-c66e12eb4b10a9ee344e.js"]},"childAssetsByChunkName":{}}